kind,date,label,value,note,link
vaccine_nh,2026-10-15,2026–2027 Northern Hemisphere vaccine,expected,"Made for the northern hemisphere winter, which lines up with Singapore's year-end flu season. It is about 2 weeks later than usual this year because of delays across the industry.",https://www.cda.gov.sg/news-and-events/update-on-seasonal-influenza-vaccination/
vaccine_sh,,2026 Southern Hemisphere vaccine,available,"The vaccine in clinics now. Made for the southern hemisphere winter, which lines up with Singapore's mid-year flu season.",https://www.cda.gov.sg/news-and-events/update-on-seasonal-influenza-vaccination/
past_peak,2025-01,January 2025,43.9,,https://www.cda.gov.sg/news-and-events/update-on-influenza-situation-in-singapore/
price_adult,,Healthier SG member at their enrolled clinic,0,,https://www.moh.gov.sg/managing-expenses/schemes-and-subsidies/healthier-sg-vaccinations
price_adult,,Pioneer Generation at a CHAS GP clinic,9,,https://www.moh.gov.sg/managing-expenses/schemes-and-subsidies/healthier-sg-vaccinations
price_adult,,Merdeka Generation or CHAS Blue/Orange at a CHAS GP clinic,18,,https://www.moh.gov.sg/managing-expenses/schemes-and-subsidies/healthier-sg-vaccinations
price_adult,,Other eligible Singapore Citizens at a CHAS GP clinic,35,,https://www.moh.gov.sg/managing-expenses/schemes-and-subsidies/healthier-sg-vaccinations
price_child,,Singapore Citizen children at a CHAS GP clinic,0,,https://www.moh.gov.sg/managing-expenses/schemes-and-subsidies/childhood-developmental-screening-and-childhood-vaccinations
update,2026-09-04,Update on seasonal influenza vaccination,,"The 2026–2027 Northern Hemisphere vaccine is expected in early to mid October, about two weeks later than usual because of delays across the industry. People in recommended groups who have not had a flu jab can get the Southern Hemisphere vaccine now and the new one at least 8 weeks later. People who already had the Southern Hemisphere vaccine should wait for the new one.",https://www.cda.gov.sg/news-and-events/update-on-seasonal-influenza-vaccination/
update,2026-09-01,Update on influenza situation in Singapore,,"Flu cases are rising, but there is no sign that infections are more severe than usual. Flu positivity reached 36.6% in the week of 16–22 August, up from 24.0% the week before and below the January 2025 peak of 43.9%. If you are unwell, stay home. If you must go out, wear a mask and avoid crowded places.",https://www.cda.gov.sg/news-and-events/update-on-influenza-situation-in-singapore/
